material_id,composition,E_f,wyckoff,lattice,sites
c07b988125b3a0adc329b2449eeaac24c9e7def8,Hf,0.0,A_hP2_194_c:Hf,"[[2.771359, -1.600045, 0.0], [0.0, 3.20009, 0.0], [0.0, 0.0, 5.055614]]","['Hf @ 0.33333333 0.66666667 0.75', 'Hf @ 0.66666667 0.33333333 0.25']"
0060794138df3ba93c68007949b0a72d19cb4c62,Hf(ZnN2)3,0.6322286350000006,AB6C3_hR30_160_a_2b_b:Hf-N-Zn,"[[6.062902, -0.0, 1.294977], [-3.031451, 5.250627, 1.294978], [-3.031451, -5.250627, 1.294978]]","['Hf @ 0.07941259 0.07941259 0.07941259', 'N @ 0.97170032 0.35461423 0.97170032', 'N @ 0.97170032 0.97170032 0.35461423', 'N @ 0.35461423 0.97170033 0.97170033', 'N @ 0.62831402 0.48486499 0.62831402', 'N @ 0.62831402 0.62831402 0.48486499', 'N @ 0.48486498 0.62831401 0.62831401', 'Zn @ 0.43962517 0.92332917 0.43962517', 'Zn @ 0.43962517 0.43962517 0.92332917', 'Zn @ 0.92332917 0.43962517 0.43962517']"
004c70f544dca7f8e1c74c6c4ff87a1e355e7cd5,Hf(ZnN2)3,0.8708339350000012,AB6C3_hR30_148_a_f_bc:Hf-N-Zn,"[[3.062449, 0.0, 4.98739], [-1.531224, 2.652158, 4.98739], [-1.531224, -2.652158, 4.98739]]","['Hf @ 0.5 0.5 0.5', 'Zn @ 0.0 -0.0 -0.0', 'Zn @ 0.30592519 0.30592519 0.30592519', 'Zn @ 0.69407481 0.69407481 0.69407481', 'N @ 0.60495542 0.89911462 0.27504484', 'N @ 0.10088538 0.72495516 0.39504458', 'N @ 0.72495516 0.39504458 0.10088538', 'N @ 0.27504484 0.60495542 0.89911462', 'N @ 0.89911462 0.27504484 0.60495542', 'N @ 0.39504458 0.10088538 0.72495516']"
0059fd6dd1d17138c42bb5430fa0bc074053f0de,Hf(ZnN3)2,0.1256185166666688,AB6C2_mC18_12_a_ij_i:Hf-N-Zn,"[[6.517271, 0.0, -1.602318], [0.0, 5.261389, 0.0], [-2.700464, 0.0, 6.804575]]","['Zn @ 0.53948074 -0.0 0.19307466', 'Zn @ 0.46051926 -0.0 0.80692534', 'Zn @ 0.03938539 0.5 0.69311581', 'Zn @ 0.96061461 0.5 0.30688419', 'Hf @ 0.0 -0.0 0.0', 'Hf @ 0.5 0.5 0.5', 'N @ 0.19037601 -0.0 0.37098077', 'N @ 0.80962399 -0.0 0.62901923', 'N @ 0.69031429 0.5 0.87094031', 'N @ 0.30968571 0.5 0.12905969', 'N @ 0.24131655 0.28439444 0.00896358', 'N @ 0.75868345 0.28439444 0.99103642', 'N @ 0.75868345 0.71560556 0.99103642', 'N @ 0.24131655 0.71560556 0.00896358', 'N @ 0.74128896 0.78441677 0.50890356', 'N @ 0.25871104 0.78441677 0.49109644', 'N @ 0.25871104 0.21558323 0.49109644', 'N @ 0.74128896 0.21558323 0.50890356']"
00a8d0f6f55191596770605314ff347995a3540d,Hf2Zn4N,0.2936619535714291,A2BC4_cF112_227_e_c_df:Hf-N-Zn,"[[-6.116632, -6.116632, -0.0], [-6.116632, -0.0, -6.116632], [-0.0, -6.116632, -6.116632]]","['Zn @ 0.0 0.0 -0.0', 'Zn @ 0.0 0.5 -0.0', 'Zn @ 0.5 0.0 -0.0', 'Zn @ 0.0 0.0 0.5', 'Zn @ 0.5723017 0.5723017 0.1776983', 'Zn @ 0.4276983 0.8223017 0.8223017', 'Zn @ 0.8223017 0.8223017 0.4276983', 'Zn @ 0.1776983 0.5723017 0.5723017', 'Zn @ 0.5723017 0.1776983 0.1776983', 'Zn @ 0.4276983 0.4276983 0.8223017', 'Zn @ 0.1776983 0.1776983 0.5723017', 'Zn @ 0.5723017 0.1776983 0.5723017', 'Zn @ 0.4276983 0.8223017 0.4276983', 'Zn @ 0.8223017 0.4276983 0.8223017', 'Zn @ 0.1776983 0.5723017 0.1776983', 'Zn @ 0.8223017 0.4276983 0.4276983', 'Hf @ 0.78788573 0.78788573 0.78788573', 'Hf @ 0.21211427 0.8636572 0.21211427', 'Hf @ 0.8636572 0.21211427 0.21211427', 'Hf @ 0.1363428 0.78788573 0.78788573', 'Hf @ 0.78788573 0.1363428 0.78788573', 'Hf @ 0.21211427 0.21211427 0.8636572', 'Hf @ 0.21211427 0.21211427 0.21211427', 'Hf @ 0.78788573 0.78788573 0.1363428', 'N @ 0.5 0.5 0.5', 'N @ 0.5 0.0 0.5', 'N @ 0.0 0.5 0.5', 'N @ 0.5 0.5 -0.0']"
006197ce31efdef23c82f0f6cec08ac0b0febdce,Hf2Zn4N9,-0.037019788333333636,A2B9C4_oP60_60_d_c4d_2d:Hf-N-Zn,"[[19.735812, 0.0, 0.0], [0.0, 6.101939, 0.0], [0.0, 0.0, 5.570787]]","['Zn @ 0.43941653 0.35413699 0.14372104', 'Zn @ 0.56058347 0.35413699 0.35627896', 'Zn @ 0.06058347 0.14586301 0.64372104', 'Zn @ 0.56058347 0.64586301 0.85627896', 'Zn @ 0.06058347 0.85413699 0.14372104', 'Zn @ 0.43941653 0.64586301 0.64372104', 'Zn @ 0.93941653 0.85413699 0.35627896', 'Zn @ 0.93941653 0.14586301 0.85627896', 'Zn @ 0.2871622 0.40737164 0.21147903', 'Zn @ 0.7128378 0.40737164 0.28852097', 'Zn @ 0.2128378 0.09262836 0.71147903', 'Zn @ 0.7128378 0.59262836 0.78852097', 'Zn @ 0.2128378 0.90737164 0.21147903', 'Zn @ 0.2871622 0.59262836 0.71147903', 'Zn @ 0.7871622 0.90737164 0.28852097', 'Zn @ 0.7871622 0.09262836 0.78852097', 'N @ -0.0 0.13213508 0.25', 'N @ 0.5 0.36786492 0.75', 'N @ -0.0 0.86786492 0.75', 'N @ 0.5 0.63213508 0.25', 'N @ 0.2816148 0.9097524 0.50653017', 'N @ 0.7183852 0.9097524 0.99346983', 'N @ 0.2183852 0.5902476 0.00653017', 'N @ 0.7183852 0.0902476 0.49346983', 'N @ 0.2183852 0.4097524 0.50653017', 'N @ 0.2816148 0.0902476 0.00653017', 'N @ 0.7816148 0.4097524 0.99346983', 'N @ 0.7816148 0.5902476 0.49346983', 'N @ 0.46760771 0.05450945 0.24347796', 'N @ 0.53239229 0.05450945 0.25652204', 'N @ 0.03239229 0.44549055 0.74347796', 'N @ 0.53239229 0.94549055 0.75652204', 'N @ 0.03239229 0.55450945 0.24347796', 'N @ 0.46760771 0.94549055 0.74347796', 'N @ 0.96760771 0.55450945 0.25652204', 'N @ 0.96760771 0.44549055 0.75652204', 'N @ 0.3444681 0.04626765 0.98351114', 'N @ 0.6555319 0.04626765 0.51648886', 'N @ 0.1555319 0.45373235 0.48351114', 'N @ 0.6555319 0.95373235 0.01648886', 'N @ 0.1555319 0.54626765 0.98351114', 'N @ 0.3444681 0.95373235 0.48351114', 'N @ 0.8444681 0.54626765 0.51648886', 'N @ 0.8444681 0.45373235 0.01648886', 'N @ 0.37061771 0.46850177 0.41085414', 'N @ 0.62938229 0.46850177 0.08914586', 'N @ 0.12938229 0.03149823 0.91085414', 'N @ 0.62938229 0.53149823 0.58914586', 'N @ 0.12938229 0.96850177 0.41085414', 'N @ 0.37061771 0.53149823 0.91085414', 'N @ 0.87061771 0.96850177 0.08914586', 'N @ 0.87061771 0.03149823 0.58914586', 'Hf @ 0.09968678 0.269465 0.18570777', 'Hf @ 0.90031322 0.269465 0.31429223', 'Hf @ 0.40031322 0.230535 0.68570777', 'Hf @ 0.90031322 0.730535 0.81429223', 'Hf @ 0.40031322 0.769465 0.18570777', 'Hf @ 0.09968678 0.730535 0.68570777', 'Hf @ 0.59968678 0.769465 0.31429223', 'Hf @ 0.59968678 0.230535 0.81429223']"
0019407b910a29730999dab65491b4e50624c219,Hf2Zn4N9,0.5619530450000001,A2B9C4_hP30_176_f_hi_bh:Hf-N-Zn,"[[5.37068, -3.100763, 0.0], [-0.0, 6.201526, 0.0], [0.0, 0.0, 10.101875]]","['Hf @ 0.33333333 0.66666667 0.07050127', 'Hf @ 0.66666667 0.33333333 0.57050127', 'Hf @ 0.33333333 0.66666667 0.42949873', 'Hf @ 0.66666667 0.33333333 0.92949873', 'Zn @ 0.0 0.0 -0.0', 'Zn @ 0.0 0.0 0.5', 'Zn @ 0.34920449 0.19805089 0.25', 'Zn @ 0.19805089 0.8488464 0.75', 'Zn @ 0.8488464 0.65079551 0.25', 'Zn @ 0.1511536 0.34920449 0.75', 'Zn @ 0.80194911 0.1511536 0.25', 'Zn @ 0.65079551 0.80194911 0.75', 'N @ 0.43067355 0.93955068 0.25', 'N @ 0.93955068 0.50887713 0.75', 'N @ 0.50887713 0.56932645 0.25', 'N @ 0.49112287 0.43067355 0.75', 'N @ 0.06044932 0.49112287 0.25', 'N @ 0.56932645 0.06044932 0.75', 'N @ 0.34135426 0.31478008 0.0755223', 'N @ 0.31478008 0.97342582 0.5755223', 'N @ 0.34135426 0.31478008 0.4244777', 'N @ 0.97342582 0.65864574 0.4244777', 'N @ 0.02657418 0.34135426 0.9244777', 'N @ 0.68521992 0.02657418 0.4244777', 'N @ 0.31478008 0.97342582 0.9244777', 'N @ 0.65864574 0.68521992 0.5755223', 'N @ 0.65864574 0.68521992 0.9244777', 'N @ 0.68521992 0.02657418 0.0755223', 'N @ 0.97342582 0.65864574 0.0755223', 'N @ 0.02657418 0.34135426 0.5755223']"
0039f3c461ce4a2cbf4c48b09bfc3c6b13a5c769,Hf2ZnN4,-0.600798328571428,A2B4C_oP28_61_c_2c_a:Hf-N-Zn,"[[5.306134, 0.0, 0.0], [-0.0, 5.45582, 0.0], [0.0, 0.0, 11.449448]]","['Hf @ 0.0007753 0.08033905 0.34704739', 'Hf @ 0.4992247 0.91966095 0.84704739', 'Hf @ 0.9992247 0.91966095 0.65295261', 'Hf @ 0.4992247 0.58033905 0.34704739', 'Hf @ 0.0007753 0.41966095 0.84704739', 'Hf @ 0.5007753 0.08033905 0.15295261', 'Hf @ 0.5007753 0.41966095 0.65295261', 'Hf @ 0.9992247 0.58033905 0.15295261', 'Zn @ -0.0 0.0 -0.0', 'Zn @ 0.5 0.0 0.5', 'Zn @ 0.5 0.5 -0.0', 'Zn @ -0.0 0.5 0.5', 'N @ 0.19703661 0.30428541 0.05279103', 'N @ 0.30296339 0.69571459 0.55279103', 'N @ 0.80296339 0.69571459 0.94720897', 'N @ 0.30296339 0.80428541 0.05279103', 'N @ 0.19703661 0.19571459 0.55279103', 'N @ 0.69703661 0.30428541 0.44720897', 'N @ 0.69703661 0.19571459 0.94720897', 'N @ 0.80296339 0.80428541 0.44720897', 'N @ 0.86819053 0.95152275 0.18764705', 'N @ 0.63180947 0.04847725 0.68764705', 'N @ 0.13180947 0.04847725 0.81235295', 'N @ 0.63180947 0.45152275 0.18764705', 'N @ 0.86819053 0.54847725 0.68764705', 'N @ 0.36819053 0.95152275 0.31235295', 'N @ 0.36819053 0.54847725 0.81235295', 'N @ 0.13180947 0.45152275 0.31235295']"
0079b9e3ab0e210ea4afe037a9faee8cd6577922,Hf2ZnN5,-0.09228186562499907,A2B5C_oP16_31_2a_5a_a:Hf-N-Zn,"[[12.156346, 0.0, 0.0], [0.0, 4.319613, 0.0], [0.0, 0.0, 4.222262]]","['Hf @ 0.58531349 0.5 0.16750956', 'Hf @ 0.08531349 0.0 0.83249044', 'Hf @ 0.40614012 0.0 0.0412382', 'Hf @ 0.90614012 0.5 0.9587618', 'N @ 0.64872327 0.5 0.6371845', 'N @ 0.14872327 0.0 0.3628155', 'N @ 0.39480052 0.0 0.54485042', 'N @ 0.89480052 0.5 0.45514958', 'N @ 0.42143717 0.5 0.07644136', 'N @ 0.92143717 0.0 0.92355864', 'N @ 0.58993952 0.0 0.09266172', 'N @ 0.08993952 0.5 0.90733828', 'N @ 0.23293583 0.0 0.16108981', 'N @ 0.73293583 0.5 0.83891019', 'Zn @ 0.19201007 0.5 0.28261666', 'Zn @ 0.69201007 0.0 0.71738334']"
00021364446a637881257fd9ee912a422a6b1753,Hf2ZnN9,0.028860297916666333,A2B9C_oP48_62_d_c4d_c:Hf-N-Zn,"[[6.729996, 0.0, 0.0], [0.0, 9.412429, 0.0], [0.0, 0.0, 8.919448]]","['Hf @ 0.25298222 0.45025421 0.31557996', 'Hf @ 0.24701778 0.95025421 0.81557996', 'Hf @ 0.24701778 0.54974579 0.81557996', 'Hf @ 0.74701778 0.95025421 0.68442004', 'Hf @ 0.74701778 0.54974579 0.68442004', 'Hf @ 0.75298222 0.04974579 0.18442004', 'Hf @ 0.75298222 0.45025421 0.18442004', 'Hf @ 0.25298222 0.04974579 0.31557996', 'Zn @ 0.59697916 0.25 0.82686578', 'Zn @ 0.90302084 0.75 0.32686578', 'Zn @ 0.40302084 0.75 0.17313422', 'Zn @ 0.09697916 0.25 0.67313422', 'N @ 0.01809884 0.57498929 0.15848322', 'N @ 0.48190116 0.07498929 0.65848322', 'N @ 0.48190116 0.42501071 0.65848322', 'N @ 0.98190116 0.07498929 0.84151678', 'N @ 0.98190116 0.42501071 0.84151678', 'N @ 0.51809884 0.92501071 0.34151678', 'N @ 0.51809884 0.57498929 0.34151678', 'N @ 0.01809884 0.92501071 0.15848322', 'N @ 0.38099059 0.11552545 0.96761734', 'N @ 0.11900941 0.61552545 0.46761734', 'N @ 0.11900941 0.88447455 0.46761734', 'N @ 0.61900941 0.61552545 0.03238266', 'N @ 0.61900941 0.88447455 0.03238266', 'N @ 0.88099059 0.38447455 0.53238266', 'N @ 0.88099059 0.11552545 0.53238266', 'N @ 0.38099059 0.38447455 0.96761734', 'N @ 0.18405523 0.59629476 0.09903596', 'N @ 0.31594477 0.09629476 0.59903596', 'N @ 0.31594477 0.40370524 0.59903596', 'N @ 0.81594477 0.09629476 0.90096404', 'N @ 0.81594477 0.40370524 0.90096404', 'N @ 0.68405523 0.90370524 0.40096404', 'N @ 0.68405523 0.59629476 0.40096404', 'N @ 0.18405523 0.90370524 0.09903596', 'N @ 0.94408897 0.3893453 0.40753579', 'N @ 0.55591103 0.8893453 0.90753579', 'N @ 0.55591103 0.6106547 0.90753579', 'N @ 0.05591103 0.8893453 0.59246421', 'N @ 0.05591103 0.6106547 0.59246421', 'N @ 0.44408897 0.1106547 0.09246421', 'N @ 0.44408897 0.3893453 0.09246421', 'N @ 0.94408897 0.1106547 0.40753579', 'N @ 0.32785766 0.25 0.33884582', 'N @ 0.17214234 0.75 0.83884582', 'N @ 0.67214234 0.75 0.66115418', 'N @ 0.82785766 0.25 0.16115418']"
00cca7ad273875ba80f1d437af797b6a01cc6ebd,Hf3ZnN13,-0.08990458382352706,A3B13C_mP34_13_fg_e6g_a:Hf-N-Zn,"[[10.962471, 0.0, 0.122473], [0.0, 3.175217, 0.0], [-0.573407, 0.0, 9.709596]]","['Zn @ 0.5 0.0 -0.0', 'Zn @ 0.5 0.0 0.5', 'N @ 0.6736032 0.18759091 0.93174711', 'N @ 0.6736032 0.81240909 0.43174711', 'N @ 0.3263968 0.81240909 0.06825289', 'N @ 0.3263968 0.18759091 0.56825289', 'N @ 0.75558845 0.23022353 0.03949303', 'N @ 0.75558845 0.76977647 0.53949303', 'N @ 0.24441155 0.76977647 0.96050697', 'N @ 0.24441155 0.23022353 0.46050697', 'N @ 0.12699532 0.2300208 0.47579975', 'N @ 0.12699532 0.7699792 0.97579975', 'N @ 0.87300468 0.7699792 0.52420025', 'N @ 0.87300468 0.2300208 0.02420025', 'N @ 0.07990668 0.20674338 0.60169736', 'N @ 0.07990668 0.79325662 0.10169736', 'N @ 0.92009332 0.79325662 0.39830264', 'N @ 0.92009332 0.20674338 0.89830264', 'N @ 0.14854564 0.29132038 0.73090146', 'N @ 0.14854564 0.70867962 0.23090146', 'N @ 0.85145436 0.70867962 0.26909854', 'N @ 0.85145436 0.29132038 0.76909854', 'N @ 0.41976842 0.75041369 0.33129433', 'N @ 0.41976842 0.24958631 0.83129433', 'N @ 0.58023158 0.24958631 0.66870567', 'N @ 0.58023158 0.75041369 0.16870567', 'N @ 0.5 0.45635328 0.75', 'N @ 0.5 0.54364672 0.25', 'Hf @ -0.0 0.23886969 0.25', 'Hf @ -0.0 0.76113031 0.75', 'Hf @ 0.69243328 0.26495359 0.26261208', 'Hf @ 0.69243328 0.73504641 0.76261208', 'Hf @ 0.30756672 0.73504641 0.73738792', 'Hf @ 0.30756672 0.26495359 0.23738792']"
00ceac1a8da8e554218a84def07e5a6da9f106f3,Hf3ZnN4,-1.0282588499999985,A3B4C_mP16_6_3a3b_3a5b_2a:Hf-N-Zn,"[[8.083094, 0.0, -0.208196], [0.0, 3.746822, 0.0], [0.280916, 0.0, 8.346883]]","['Zn @ 0.11519925 0.5 0.14812181', 'Zn @ 0.52623739 0.5 0.32004718', 'Hf @ 0.07390019 0.5 0.78474769', 'Hf @ 0.44698331 0.5 0.97366906', 'Hf @ 0.37200353 0.0 0.59577805', 'Hf @ 0.971063 0.0 0.44002485', 'Hf @ 0.70070504 0.5 0.65161885', 'Hf @ 0.77589491 0.0 0.00494085', 'N @ 0.50521321 0.0 0.05573442', 'N @ 0.33683218 0.5 0.73258869', 'N @ 0.93708398 0.5 0.56442548', 'N @ 0.70583489 0.5 0.89905921', 'N @ 0.99245769 0.0 0.84790603', 'N @ 0.21380499 0.0 0.42136796', 'N @ 0.89843228 0.0 0.2119326', 'N @ 0.62841745 0.0 0.58627726']"
00ecadb66a8baab030675a817d2ee15f0002a4dc,Hf5(ZnN8)2,-0.0069458521739118595,A5B16C2_oC92_68_agh_4i_h:Hf-N-Zn,"[[3.444884, -6.785908, 0.0], [3.444884, 6.785908, 0.0], [0.0, 0.0, 12.043561]]","['Hf @ 0.75 0.75 0.14314454', 'Hf @ 0.25 0.25 0.35685546', 'Hf @ 0.75 0.75 0.64314454', 'Hf @ 0.25 0.25 0.85685546', 'Hf @ 0.25 0.75 0.25', 'Hf @ 0.75 0.25 0.75', 'Hf @ 0.75 0.25 0.02657995', 'Hf @ 0.75 0.25 0.47342005', 'Hf @ 0.25 0.75 0.52657995', 'Hf @ 0.25 0.75 0.97342005', 'Zn @ 0.25 0.25 0.10718944', 'Zn @ 0.75 0.75 0.39281056', 'Zn @ 0.25 0.25 0.60718944', 'Zn @ 0.75 0.75 0.89281056', 'N @ 0.32171573 0.49040581 0.24334585', 'N @ 0.50959419 0.67828427 0.25665415', 'N @ 0.00959419 0.17828427 0.74334585', 'N @ 0.17828427 0.00959419 0.24334585', 'N @ 0.67828427 0.50959419 0.75665415', 'N @ 0.99040581 0.82171573 0.25665415', 'N @ 0.49040581 0.32171573 0.74334585', 'N @ 0.82171573 0.99040581 0.75665415', 'N @ 0.02449093 0.58763465 0.10661258', 'N @ 0.41236535 0.97550907 0.39338742', 'N @ 0.91236535 0.47550907 0.60661258', 'N @ 0.47550907 0.91236535 0.10661258', 'N @ 0.97550907 0.41236535 0.89338742', 'N @ 0.08763465 0.52449093 0.39338742', 'N @ 0.58763465 0.02449093 0.60661258', 'N @ 0.52449093 0.08763465 0.89338742', 'N @ 0.92789297 0.09878444 0.102801', 'N @ 0.90121556 0.07210703 0.397199', 'N @ 0.40121556 0.57210703 0.602801', 'N @ 0.57210703 0.40121556 0.102801', 'N @ 0.07210703 0.90121556 0.897199', 'N @ 0.59878444 0.42789297 0.397199', 'N @ 0.09878444 0.92789297 0.602801', 'N @ 0.42789297 0.59878444 0.897199', 'N @ 0.28120306 0.47712413 0.97303318', 'N @ 0.52287587 0.71879694 0.52696682', 'N @ 0.02287587 0.21879694 0.47303318', 'N @ 0.21879694 0.02287587 0.97303318', 'N @ 0.71879694 0.52287587 0.02696682', 'N @ 0.97712413 0.78120306 0.52696682', 'N @ 0.47712413 0.28120306 0.47303318', 'N @ 0.78120306 0.97712413 0.02696682']"
00fa7d75b7b2e1442df0a68071210c8d64b93ebe,Hf5ZnN3,-0.3175585194444448,A5B3C_tP18_125_am_cg_d:Hf-N-Zn,"[[5.828845, 0.0, 0.0], [-0.0, 5.828845, 0.0], [-0.0, 0.0, 9.239161]]","['Zn @ 0.75 0.25 0.5', 'Zn @ 0.25 0.75 0.5', 'N @ 0.75 0.25 0.0', 'N @ 0.25 0.75 0.0', 'N @ 0.25 0.25 0.23728861', 'N @ 0.25 0.25 0.76271139', 'N @ 0.75 0.75 0.23728861', 'N @ 0.75 0.75 0.76271139', 'Hf @ 0.25 0.25 0.0', 'Hf @ 0.75 0.75 -0.0', 'Hf @ 0.57763663 0.07763663 0.25057902', 'Hf @ 0.92236337 0.42236337 0.25057902', 'Hf @ 0.57763663 0.42236337 0.74942098', 'Hf @ 0.07763663 0.92236337 0.25057902', 'Hf @ 0.92236337 0.07763663 0.74942098', 'Hf @ 0.42236337 0.92236337 0.74942098', 'Hf @ 0.07763663 0.57763663 0.74942098', 'Hf @ 0.42236337 0.57763663 0.25057902']"
009ee0451531276f598976f46848fe7d590262ca,Hf6Zn2N13,-0.2216884392857139,A6B13C2_mC42_12_3i_a6i_i:Hf-N-Zn,"[[6.835117, -2.032658, -0.515824], [6.835117, 2.032658, -0.515824], [-3.147213, 0.0, 11.027458]]","['Hf @ 0.34297942 0.34297942 0.99965321', 'Hf @ 0.65702058 0.65702058 0.00034679', 'Hf @ 0.39485957 0.39485957 0.38058576', 'Hf @ 0.60514043 0.60514043 0.61941424', 'Hf @ 0.69607843 0.69607843 0.38139415', 'Hf @ 0.30392157 0.30392157 0.61860585', 'N @ 0.19897726 0.19897726 0.04469716', 'N @ 0.80102274 0.80102274 0.95530284', 'N @ 0.84879528 0.84879528 0.34182287', 'N @ 0.15120472 0.15120472 0.65817713', 'N @ 0.23924638 0.23924638 0.40916785', 'N @ 0.76075362 0.76075362 0.59083215', 'N @ 0.5 0.5 0.0', 'N @ 0.39982928 0.39982928 0.19561494', 'N @ 0.60017072 0.60017072 0.80438506', 'N @ 0.62078394 0.62078394 0.18012629', 'N @ 0.37921606 0.37921606 0.81987371', 'N @ 0.55627083 0.55627083 0.41837015', 'N @ 0.44372917 0.44372917 0.58162985', 'Zn @ 0.11671079 0.11671079 0.16606411', 'Zn @ 0.88328921 0.88328921 0.83393589']"
00a3259f00f8a9aa503caae2045970d2f7b22e13,Hf7Zn5N19,0.3828095201612909,A7B19C5_oP31_47_ek2l_ai2j3x_cij:Hf-N-Zn,"[[4.184151, -0.0, 0.0], [-0.0, 7.172117, 0.0], [0.0, 0.0, 25.251255]]","['Hf @ 0.5 0.0 0.257552', 'Hf @ 0.5 0.0 0.742448', 'Hf @ 0.5 0.5 0.17987301', 'Hf @ 0.5 0.5 0.82012699', 'Hf @ 0.5 0.0 0.09174676', 'Hf @ 0.5 0.0 0.90825324', 'Hf @ 0.5 0.5 -0.0', 'N @ 0.0 0.0 0.27199352', 'N @ 0.0 0.0 0.72800658', 'N @ 0.5 0.78477034 0.20603554', 'N @ 0.5 0.78477034 0.79396446', 'N @ 0.5 0.21522966 0.79396446', 'N @ 0.5 0.21522966 0.20603554', 'N @ 0.0 0.5 0.15419995', 'N @ -0.0 0.5 0.84580005', 'N @ 0.5 0.26138331 0.13101457', 'N @ 0.5 0.26138331 0.86898543', 'N @ 0.5 0.73861669 0.86898543', 'N @ 0.5 0.73861669 0.13101457', 'N @ -0.0 0.0 0.1165113', 'N @ 0.0 0.0 0.8834887', 'N @ 0.5 0.25939093 0.05225807', 'N @ 0.5 0.25939093 0.94774193', 'N @ 0.5 0.74060907 0.94774193', 'N @ 0.5 0.74060907 0.05225807', 'N @ -0.0 0.5 -0.0', 'Zn @ 0.0 0.0 0.19141435', 'Zn @ 0.0 0.0 0.80858565', 'Zn @ 0.0 0.5 0.07865654', 'Zn @ -0.0 0.5 0.92134346', 'Zn @ -0.0 0.0 -0.0']"
00237cf70206a5de77e5154ea72633514cdd4445,HfZn2N7,0.1671952525000009,AB7C2_mP20_11_e_3e2f_f:Hf-N-Zn,"[[4.086823, 0.0, 0.232607], [0.0, 9.465448, 0.0], [-0.059997, 0.0, 6.856863]]","['Hf @ 0.18968935 0.25 0.17660677', 'Hf @ 0.81031065 0.75 0.82339323', 'N @ 0.66980532 0.25 0.3067272', 'N @ 0.33019468 0.75 0.6932728', 'N @ 0.68756283 0.25 0.47916256', 'N @ 0.31243717 0.75 0.52083744', 'N @ 0.27122645 0.25 0.89843441', 'N @ 0.72877355 0.75 0.10156559', 'N @ 0.21180647 0.03552534 0.27936006', 'N @ 0.78819353 0.96447466 0.72063994', 'N @ 0.78819353 0.53552534 0.72063994', 'N @ 0.21180647 0.46447466 0.27936006', 'N @ 0.14015442 0.0283941 0.4748517', 'N @ 0.85984558 0.9716059 0.5251483', 'N @ 0.85984558 0.5283941 0.5251483', 'N @ 0.14015442 0.4716059 0.4748517', 'Zn @ 0.36190174 0.08645613 0.74088626', 'Zn @ 0.63809826 0.91354387 0.25911374', 'Zn @ 0.63809826 0.58645613 0.25911374', 'Zn @ 0.36190174 0.41354387 0.74088626']"
006a8e78e4bb5c1570bf70b47b24c0b855a5b5b5,HfZn3N2,0.9949698083333343,AB2C3_tI12_139_a_e_be:Hf-N-Zn,"[[3.768322, 0.0, -0.0], [0.0, 3.768322, -0.0], [1.884161, 1.884161, 6.517125]]","['Zn @ 0.0 0.0 0.0', 'Zn @ 0.70751047 0.70751047 0.58497906', 'Zn @ 0.29248953 0.29248953 0.41502094', 'Hf @ 0.5 0.5 0.0', 'N @ 0.14233929 0.14233929 0.71532143', 'N @ 0.85766071 0.85766071 0.28467857']"
00bbba1d86168727008d4c1542b39d45d93d693c,HfZn3N4,0.11430601250000105,AB4C3_cP16_223_a_e_c:Hf-N-Zn,"[[5.629202, 0.0, 0.0], [0.0, 5.629202, 0.0], [0.0, 0.0, 5.629202]]","['Hf @ 0.0 0.0 0.0', 'Hf @ 0.5 0.5 0.5', 'Zn @ 0.25 0.0 0.5', 'Zn @ 0.5 0.75 0.0', 'Zn @ 0.0 0.5 0.25', 'Zn @ 0.0 0.5 0.75', 'Zn @ 0.5 0.25 0.0', 'Zn @ 0.75 0.0 0.5', 'N @ 0.25 0.25 0.25', 'N @ 0.25 0.75 0.75', 'N @ 0.75 0.75 0.75', 'N @ 0.25 0.75 0.25', 'N @ 0.25 0.25 0.75', 'N @ 0.75 0.25 0.75', 'N @ 0.75 0.75 0.25', 'N @ 0.75 0.25 0.25']"
006047d5cfe39157f2904d2533bad74b2ddd3170,HfZnN,-0.36961197499999887,ABC_hP6_194_a_b_c:Hf-N-Zn,"[[1.749531, -3.048103, 0.0], [1.749531, 3.048103, -0.0], [0.0, -0.0, 8.634492]]","['Zn @ 0.6698258 0.3301742 0.25', 'Zn @ 0.3301742 0.6698258 0.75', 'Hf @ -0.0 0.0 -0.0', 'Hf @ -0.0 0.0 0.5', 'N @ 0.00158956 0.99841044 0.25', 'N @ 0.99841044 0.00158956 0.75']"
001a938f944fa33e899b81e3d0a909876587e7b0,HfZnN12,0.8577765142857157,AB12C_mC56_15_e_6f_e:Hf-N-Zn,"[[5.380312, -6.691171, -0.394081], [5.380312, 6.691171, -0.394081], [-0.621649, 0.0, 7.622393]]","['Zn @ 0.43380935 0.56619065 0.25', 'Zn @ 0.56619065 0.43380935 0.75', 'Hf @ 0.04124018 0.95875982 0.25', 'Hf @ 0.95875982 0.04124018 0.75', 'N @ 0.15480179 0.73674461 0.24234883', 'N @ 0.26325539 0.84519821 0.25765117', 'N @ 0.84519821 0.26325539 0.75765117', 'N @ 0.73674461 0.15480179 0.74234883', 'N @ 0.30916777 0.45162915 0.40555707', 'N @ 0.54837085 0.69083223 0.09444293', 'N @ 0.69083223 0.54837085 0.59444293', 'N @ 0.45162915 0.30916777 0.90555707', 'N @ 0.00874248 0.11999663 0.479499', 'N @ 0.88000337 0.99125752 0.020501', 'N @ 0.99125752 0.88000337 0.520501', 'N @ 0.11999663 0.00874248 0.979499', 'N @ 0.82331917 0.56703037 0.21133745', 'N @ 0.43296963 0.17668083 0.28866255', 'N @ 0.17668083 0.43296963 0.78866255', 'N @ 0.56703037 0.82331917 0.71133745', 'N @ 0.82021728 0.43928951 0.1664966', 'N @ 0.56071049 0.17978272 0.3335034', 'N @ 0.17978272 0.56071049 0.8335034', 'N @ 0.43928951 0.82021728 0.6664966', 'N @ 0.02591212 0.12246309 0.04628719', 'N @ 0.87753691 0.97408788 0.45371281', 'N @ 0.97408788 0.87753691 0.95371281', 'N @ 0.12246309 0.02591212 0.54628719']"
000fe0f2a4730347df688bd0d3c75f4494a28dca,HfZnN2,-0.6694122624999999,AB2C_hP8_194_c_f_a:Hf-N-Zn,"[[2.724122, -1.572773, 0.0], [0.0, 3.145546, 0.0], [0.0, 0.0, 10.570134]]","['Hf @ 0.33333333 0.66666667 0.25', 'Hf @ 0.66666667 0.33333333 0.75', 'Zn @ 0.0 0.0 0.0', 'Zn @ 0.0 0.0 0.5', 'N @ 0.33333333 0.66666667 0.62866178', 'N @ 0.66666667 0.33333333 0.12866178', 'N @ 0.33333333 0.66666667 0.87133822', 'N @ 0.66666667 0.33333333 0.37133822']"
00af9b9350147b8c20498eb9cd65b63a3132c741,HfZnN2,-0.3108887624999994,AB2C_mC16_12_i_2i_g:Hf-N-Zn,"[[5.845331, -2.256375, 1.002936], [5.845331, 2.256375, 1.002936], [-2.35901, 0.0, 3.49823]]","['Hf @ 0.19931503 0.19931503 0.63601203', 'Hf @ 0.80068497 0.80068497 0.36398797', 'Zn @ 0.74375205 0.25624795 0.0', 'Zn @ 0.25624795 0.74375205 0.0', 'N @ 0.63229337 0.63229337 0.41424153', 'N @ 0.36770663 0.36770663 0.58575847', 'N @ 0.1505916 0.1505916 0.05184831', 'N @ 0.8494084 0.8494084 0.94815169']"
6f7d6a970fde2a4243091aba720fc14ceec2854b,N2,0.0,A_cP8_205_c:N,"[[5.946714, -0.0, -0.0], [0.0, 5.946714, -0.0], [0.0, -0.0, 5.946714]]","['N @ 0.55402836 0.55402836 0.55402836', 'N @ 0.05402836 0.94597164 0.44597164', 'N @ 0.55402836 0.94597164 0.05402836', 'N @ 0.94597164 0.44597164 0.05402836', 'N @ 0.94597164 0.05402836 0.55402836', 'N @ 0.44597164 0.05402836 0.94597164', 'N @ 0.05402836 0.55402836 0.94597164', 'N @ 0.44597164 0.44597164 0.44597164']"
b428ccf0f8cd5488a3af5d72b74e117dc71aa575,Ti,0.0,A_hP2_194_c:Ti,"[[2.5406, -1.466816, 0.0], [0.0, 2.933632, 0.0], [0.0, 0.0, 4.657195]]","['Ti @ 0.33333333 0.66666667 0.75', 'Ti @ 0.66666667 0.33333333 0.25']"
0ac3201405a380e382377a71216b33cde892b161,Ti(ZnN2)2,0.44363870000000016,A4BC2_mC28_5_4c_c_abc:N-Ti-Zn,"[[4.952401, -2.607102, -0.345365], [4.952401, 2.607102, -0.345365], [-0.793138, 0.0, 6.257486]]","['Zn @ 0.95747786 0.04252214 -0.0', 'Zn @ 0.96835037 0.03164963 0.5', 'Zn @ 0.36677608 0.33913125 0.20324262', 'Zn @ 0.66086875 0.63322392 0.79675738', 'Ti @ 0.57577517 0.7550833 0.28765311', 'Ti @ 0.2449167 0.42422483 0.71234689', 'N @ 0.85703681 0.61391281 0.53609174', 'N @ 0.38608719 0.14296319 0.46390826', 'N @ 0.20259831 0.78613842 0.2492118', 'N @ 0.21386158 0.79740169 0.7507882', 'N @ 0.64474828 0.89284159 0.05563091', 'N @ 0.10715841 0.35525172 0.94436909', 'N @ 0.75781176 0.31376727 0.27014504', 'N @ 0.68623273 0.24218824 0.72985496']"
0abac62147275aa8199465764751eaa67c94d16c,Ti(ZnN2)2,0.4993669142857149,A4BC2_oP28_62_2cd_c_ac:N-Ti-Zn,"[[10.22588, 0.0, 0.0], [0.0, 6.241736, -0.0], [0.0, -0.0, 4.996117]]","['Zn @ -0.0 0.0 -0.0', 'Zn @ 0.5 0.5 0.5', 'Zn @ 0.5 0.0 0.5', 'Zn @ -0.0 0.5 -0.0', 'Zn @ 0.27439835 0.25 0.02027797', 'Zn @ 0.22560165 0.75 0.52027797', 'Zn @ 0.72560165 0.75 0.97972203', 'Zn @ 0.77439835 0.25 0.47972203', 'Ti @ 0.10637322 0.25 0.5618105', 'Ti @ 0.39362678 0.75 0.0618105', 'Ti @ 0.89362678 0.75 0.4381895', 'Ti @ 0.60637322 0.25 0.9381895', 'N @ 0.09067969 0.25 0.17405839', 'N @ 0.40932031 0.75 0.67405839', 'N @ 0.90932031 0.75 0.82594161', 'N @ 0.59067969 0.25 0.32594161', 'N @ 0.43282869 0.25 0.79687706', 'N @ 0.06717131 0.75 0.29687706', 'N @ 0.56717131 0.75 0.20312294', 'N @ 0.93282869 0.25 0.70312294', 'N @ 0.33440626 0.99742074 0.26413801', 'N @ 0.16559374 0.49742074 0.76413801', 'N @ 0.16559374 0.00257926 0.76413801', 'N @ 0.66559374 0.49742074 0.73586199', 'N @ 0.66559374 0.00257926 0.73586199', 'N @ 0.83440626 0.50257926 0.23586199', 'N @ 0.83440626 0.99742074 0.23586199', 'N @ 0.33440626 0.50257926 0.26413801']"
0a0ae9c18de23e72bb764e10ef542de693321542,Ti2Zn2N5,-0.4770085805555553,A5B2C2_oI36_46_b2c_ab_c:N-Ti-Zn,"[[5.380653, 0.0, 0.0], [-0.0, 14.311422, 0.0], [2.690327, 7.155711, 2.712897]]","['Zn @ 0.59605935 0.66971651 0.9454688', 'Zn @ 0.45847185 0.16971651 0.9454688', 'Zn @ 0.45847185 0.38481469 0.9454688', 'Zn @ 0.59605935 0.88481469 0.9454688', 'Ti @ 0.99066415 0.99066415 0.01867171', 'Ti @ 0.99066415 0.49066415 0.01867171', 'Ti @ 0.9341569 0.25680447 0.98639105', 'Ti @ 0.07945204 0.75680447 0.98639105', 'N @ 0.23781504 0.8168759 0.31447074', 'N @ 0.44771422 0.3168759 0.31447074', 'N @ 0.44771422 0.86865337 0.31447074', 'N @ 0.23781504 0.36865337 0.31447074', 'N @ 0.9701002 0.028419 0.20962174', 'N @ 0.82027806 0.528419 0.20962174', 'N @ 0.82027806 0.76195926 0.20962174', 'N @ 0.9701002 0.26195926 0.20962174', 'N @ 0.26244227 0.61609265 0.2678147', 'N @ 0.46974303 0.11609265 0.2678147']"
0ab8cc7e5cc3d48fcc786f9060da5a8882374f44,Ti2Zn3N4,-0.4294422111111116,A4B2C3_mP36_14_4e_2e_3e:N-Ti-Zn,"[[9.402404, -0.00113, 0.397882], [-0.00065, 5.646741, 0.000464], [-3.073322, 0.000794, 8.683129]]","['Zn @ 0.05277259 0.0446846 0.22554858', 'Zn @ 0.94722716 0.95531565 0.77445205', 'Zn @ 0.94695245 0.54466241 0.27464315', 'Zn @ 0.05304916 0.45533967 0.72535521', 'Zn @ 0.18677287 0.65379652 0.1218568', 'Zn @ 0.81322239 0.34620769 0.87814188', 'Zn @ 0.81300997 0.1535504 0.37838871', 'Zn @ 0.18699246 0.84645005 0.62161212', 'Zn @ 0.42929711 0.36288193 0.28830955', 'Zn @ 0.57069576 0.63711251 0.7116907', 'Zn @ 0.57061516 0.86310666 0.2115604', 'Zn @ 0.42938961 0.13689561 0.78843907', 'Ti @ 0.22918593 0.15003641 0.98725724', 'Ti @ 0.77081261 0.84996283 0.01274258', 'Ti @ 0.77079612 0.65007753 0.51282933', 'Ti @ 0.22920238 0.34992259 0.48717364', 'Ti @ 0.61109232 0.38180476 0.12711576', 'Ti @ 0.38891406 0.61819165 0.87288127', 'Ti @ 0.38888351 0.88195244 0.37279498', 'Ti @ 0.61111673 0.11804393 0.62720759', 'N @ 0.02632592 0.24383232 0.39072107', 'N @ 0.97367511 0.75617134 0.6092774', 'N @ 0.9735228 0.74373049 0.10950746', 'N @ 0.02648239 0.25627025 0.890496', 'N @ 0.25275843 0.02636994 0.18684925', 'N @ 0.74723814 0.97364108 0.81314111', 'N @ 0.7469406 0.52616949 0.31323453', 'N @ 0.25306032 0.4738316 0.68676848', 'N @ 0.3660237 0.41637224 0.03775171', 'N @ 0.63397686 0.58361155 0.96224839', 'N @ 0.63414571 0.91658293 0.46221345', 'N @ 0.36585057 0.08341002 0.53778712', 'N @ 0.71185292 0.07797699 0.14532722', 'N @ 0.28814492 0.9220329 0.85467531', 'N @ 0.28829662 0.57788891 0.35464532', 'N @ 0.7117046 0.42211213 0.64535556']"
0ad7d4c22ba4414fbe161f27f42c112c6cb83b29,Ti2Zn3N7,0.6236076854166672,A7B2C3_tI24_139_aeg_e_be:N-Ti-Zn,"[[4.021411, 0.0, 0.0], [0.0, 4.021411, 0.0], [2.010706, 2.010706, 8.874517]]","['Zn @ -0.0 -0.0 0.0', 'Zn @ 0.8360282 0.8360282 0.3279436', 'Zn @ 0.1639718 0.1639718 0.6720564', 'Ti @ 0.6092288 0.6092288 0.7815424', 'Ti @ 0.3907712 0.3907712 0.2184576', 'N @ 0.6124978 0.1124978 0.77500439', 'N @ 0.1124978 0.6124978 0.77500439', 'N @ 0.3875022 0.8875022 0.22499561', 'N @ 0.8875022 0.3875022 0.22499561', 'N @ 0.72695695 0.72695695 0.5460861', 'N @ 0.27304305 0.27304305 0.4539139', 'N @ 0.5 0.5 0.0']"
0abb6669aa25624d8371765c5afa6b80ae20f30b,Ti2ZnN3,-0.8424399458333331,A3B2C_mC12_12_ai_i_b:N-Ti-Zn,"[[2.082063, -2.08132, 0.050838], [2.082063, 2.08132, 0.050838], [-1.049178, 0.0, 9.996562]]","['Ti @ 0.4612553 0.4612553 0.29720372', 'Ti @ 0.5387447 0.5387447 0.70279628', 'Zn @ 0.0 0.0 0.5', 'N @ 0.5 0.5 0.5', 'N @ 0.95590632 0.95590632 0.27067391', 'N @ 0.04409368 0.04409368 0.72932609']"
0a2c4708d3c853ea3c4b8630027afe9b788ee2ce,Ti2ZnN5,-0.049384740624999424,A5B2C_oP32_58_3gh_eg_g:N-Ti-Zn,"[[8.736347, -0.0, 0.0], [0.0, 8.231356, 0.0], [0.0, 0.0, 6.998135]]","['N @ 0.04933257 0.15515104 0.0', 'N @ 0.45066743 0.65515104 0.5', 'N @ 0.95066743 0.84484896 -0.0', 'N @ 0.54933257 0.34484896 0.5', 'N @ 0.060552 0.97872251 0.5', 'N @ 0.439448 0.47872251 0.0', 'N @ 0.939448 0.02127749 0.5', 'N @ 0.560552 0.52127749 0.0', 'N @ 0.14268832 0.43858699 0.5', 'N @ 0.35731168 0.93858699 -0.0', 'N @ 0.85731168 0.56141301 0.5', 'N @ 0.64268832 0.06141301 0.0', 'N @ 0.36196035 0.18003421 0.24899865', 'N @ 0.13803965 0.68003421 0.74899865', 'N @ 0.63803965 0.81996579 0.75100135', 'N @ 0.86196035 0.31996579 0.25100135', 'N @ 0.13803965 0.68003421 0.25100135', 'N @ 0.63803965 0.81996579 0.24899865', 'N @ 0.86196035 0.31996579 0.74899865', 'N @ 0.36196035 0.18003421 0.75100135', 'Zn @ 0.32947201 0.28836426 0.5', 'Zn @ 0.17052799 0.78836426 0.0', 'Zn @ 0.67052799 0.71163574 0.5', 'Zn @ 0.82947201 0.21163574 0.0', 'Ti @ 0.0 0.5 0.30022293', 'Ti @ 0.5 -0.0 0.80022293', 'Ti @ 0.0 0.5 0.69977707', 'Ti @ 0.5 -0.0 0.19977707', 'Ti @ 0.26884529 0.16402866 0.0', 'Ti @ 0.23115471 0.66402866 0.5', 'Ti @ 0.73115471 0.83597134 -0.0', 'Ti @ 0.76884529 0.33597134 0.5']"
0a946dc02260d0d4b36ef2087e60b415a5fff800,Ti3ZnN5,-0.701213825,A5B3C_tP36_76_5a_3a_a:N-Ti-Zn,"[[5.839669, 0.0, 0.0], [-0.0, 5.839669, 0.0], [0.0, 0.0, 10.063436]]","['Ti @ 0.96905875 0.80718338 0.81186643', 'Ti @ 0.03094125 0.19281662 0.31186643', 'Ti @ 0.19281662 0.96905875 0.06186643', 'Ti @ 0.80718338 0.03094125 0.56186643', 'Ti @ 0.10899183 0.34228606 0.88023088', 'Ti @ 0.89100817 0.65771394 0.38023088', 'Ti @ 0.65771394 0.10899183 0.13023088', 'Ti @ 0.34228606 0.89100817 0.63023088', 'Ti @ 0.60631294 0.18018496 0.83510905', 'Ti @ 0.39368706 0.81981504 0.33510905', 'Ti @ 0.81981504 0.60631294 0.08510905', 'Ti @ 0.18018496 0.39368706 0.58510905', 'Zn @ 0.48525695 0.69477963 0.89229795', 'Zn @ 0.51474305 0.30522037 0.39229795', 'Zn @ 0.30522037 0.48525695 0.14229795', 'Zn @ 0.69477963 0.51474305 0.64229795', 'N @ 0.34294622 0.11501552 0.23713654', 'N @ 0.65705378 0.88498448 0.73713654', 'N @ 0.88498448 0.34294622 0.48713654', 'N @ 0.11501552 0.65705378 0.98713654', 'N @ 0.73779301 0.97899975 0.33796876', 'N @ 0.26220699 0.02100025 0.83796876', 'N @ 0.02100025 0.73779301 0.58796876', 'N @ 0.97899975 0.26220699 0.08796876', 'N @ 0.00065757 0.82328758 0.21040091', 'N @ 0.99934243 0.17671242 0.71040091', 'N @ 0.17671242 0.00065757 0.46040091', 'N @ 0.82328758 0.99934243 0.96040091', 'N @ 0.55444204 0.73450842 0.50475735', 'N @ 0.44555796 0.26549158 0.00475735', 'N @ 0.26549158 0.55444204 0.75475735', 'N @ 0.73450842 0.44555796 0.25475735', 'N @ 0.51196313 0.78128955 0.10023213', 'N @ 0.48803687 0.21871045 0.60023213', 'N @ 0.21871045 0.51196313 0.35023213', 'N @ 0.78128955 0.48803687 0.85023213']"
0a130b596d1ce7bfe317d9e546bbeacc703fef65,Ti3ZnN8,-0.23821160833333277,A8B3C_oI48_72_2jk_aj_b:N-Ti-Zn,"[[6.383894, 0.0, -0.0], [-0.0, 7.84233, 0.0], [3.191947, 3.921165, 4.697699]]","['Ti @ 0.25 0.75 0.5', 'Ti @ 0.75 0.25 0.5', 'Ti @ 0.26264823 0.24098197 0.0', 'Ti @ 0.23735177 0.74098197 1.0', 'Ti @ 0.76264823 0.25901803 0.0', 'Ti @ 0.73735177 0.75901803 1.0', 'Zn @ 0.75 0.75 0.5', 'Zn @ 0.25 0.25 0.5', 'N @ 0.99047279 0.08221216 1.0', 'N @ 0.50952721 0.58221216 0.0', 'N @ 0.49047279 0.41778784 1.0', 'N @ 0.00952721 0.91778784 0.0', 'N @ 0.08382932 0.45000872 1.0', 'N @ 0.41617068 0.95000872 0.0', 'N @ 0.58382932 0.04999128 1.0', 'N @ 0.91617068 0.54999128 0.0', 'N @ 0.94713593 0.03445718 0.57572495', 'N @ 0.55286407 0.11018214 0.42427505', 'N @ 0.02286088 0.46554282 0.42427505', 'N @ 0.52286088 0.61018214 0.42427505', 'N @ 0.97713912 0.53445718 0.57572495', 'N @ 0.44713593 0.88981786 0.57572495', 'N @ 0.05286407 0.96554282 0.42427505', 'N @ 0.47713912 0.38981786 0.57572495']"
0a646e174268b493bd67f58fdf52fead02f74a96,Ti4(ZnN3)3,-0.3996681890624991,A9B4C3_hR48_146_3b_4a_3a:N-Ti-Zn,"[[3.166867, -0.0, 6.757404], [-1.583433, 2.742587, 6.757404], [-1.583433, -2.742587, 6.757404]]","['Zn @ 0.01183712 0.01183712 0.01183712', 'Zn @ 0.17509278 0.17509278 0.17509278', 'Zn @ 0.58822661 0.58822661 0.58822661', 'Ti @ 0.44824029 0.44824029 0.44824029', 'Ti @ 0.88012936 0.88012936 0.88012936', 'Ti @ 0.73794629 0.73794629 0.73794629', 'Ti @ 0.30888986 0.30888986 0.30888986', 'N @ 0.22038392 0.96628227 0.59433793', 'N @ 0.96628227 0.59433793 0.22038392', 'N @ 0.59433793 0.22038392 0.96628227', 'N @ 0.10520064 0.47388568 0.80909796', 'N @ 0.47388568 0.80909796 0.10520064', 'N @ 0.80909796 0.10520064 0.47388568', 'N @ 0.07908029 0.3786331 0.71223592', 'N @ 0.3786331 0.71223592 0.07908029', 'N @ 0.71223592 0.07908029 0.3786331']"
0ab8ebf80d94a1ba826857a9e81cea8c7124d86e,Ti4Zn3N8,-0.2971007933333327,A8B4C3_mC60_12_8i_4i_3i:N-Ti-Zn,"[[14.680227, -1.507597, -0.760453], [14.680227, 1.507597, -0.760453], [-7.316016, 0.0, 9.877532]]","['Ti @ 0.36914484 0.36914484 0.97637487', 'Ti @ 0.63085516 0.63085516 0.02362513', 'Ti @ 0.48270716 0.48270716 0.65034958', 'Ti @ 0.51729284 0.51729284 0.34965042', 'Ti @ 0.29723292 0.29723292 0.6778237', 'Ti @ 0.70276708 0.70276708 0.3221763', 'Ti @ 0.90549748 0.90549748 0.3038491', 'Ti @ 0.09450252 0.09450252 0.6961509', 'Zn @ 0.24540401 0.24540401 0.1840197', 'Zn @ 0.75459599 0.75459599 0.8159803', 'Zn @ 0.16410137 0.16410137 0.49746173', 'Zn @ 0.83589863 0.83589863 0.50253827', 'Zn @ 0.20389767 0.20389767 0.90895922', 'Zn @ 0.79610233 0.79610233 0.09104078', 'N @ 0.16237373 0.16237373 0.99331877', 'N @ 0.83762627 0.83762627 0.00668123', 'N @ 0.35419025 0.35419025 0.23475963', 'N @ 0.64580975 0.64580975 0.76524037', 'N @ 0.15175152 0.15175152 0.18211561', 'N @ 0.84824848 0.84824848 0.81788439', 'N @ 0.29589949 0.29589949 0.52234703', 'N @ 0.70410051 0.70410051 0.47765297', 'N @ 0.07845619 0.07845619 0.41454019', 'N @ 0.92154381 0.92154381 0.58545981', 'N @ 0.23587806 0.23587806 0.70148934', 'N @ 0.76412194 0.76412194 0.29851066', 'N @ 0.04432356 0.04432356 0.75256226', 'N @ 0.95567644 0.95567644 0.24743774', 'N @ 0.93768367 0.93768367 0.50017113', 'N @ 0.06231633 0.06231633 0.49982887']"
0ac8a65af75e8223b07dcd98c6958db7af6504cf,Ti4ZnN7,-0.5551503479166673,A7B4C_mC48_15_e3f_2f_e:N-Ti-Zn,"[[6.730469, -4.584523, -0.342761], [6.730469, 4.584523, -0.342761], [-1.806793, 0.0, 5.356055]]","['Zn @ 0.7141318 0.2858682 0.25', 'Zn @ 0.2858682 0.7141318 0.75', 'Ti @ 0.06304672 0.16684276 0.66757928', 'Ti @ 0.83315724 0.93695328 0.83242072', 'Ti @ 0.93695328 0.83315724 0.33242072', 'Ti @ 0.16684276 0.06304672 0.16757928', 'Ti @ 0.26619824 0.44058687 0.15513109', 'Ti @ 0.55941313 0.73380176 0.34486891', 'Ti @ 0.73380176 0.55941313 0.84486891', 'Ti @ 0.44058687 0.26619824 0.65513109', 'N @ 0.13372099 0.26871112 0.03056721', 'N @ 0.73128888 0.86627901 0.46943279', 'N @ 0.86627901 0.73128888 0.96943279', 'N @ 0.26871112 0.13372099 0.53056721', 'N @ 0.31540762 0.4836684 0.86537518', 'N @ 0.5163316 0.68459238 0.63462482', 'N @ 0.68459238 0.5163316 0.13462482', 'N @ 0.4836684 0.31540762 0.36537518', 'N @ 0.84326964 0.35643738 0.60951799', 'N @ 0.64356262 0.15673036 0.89048201', 'N @ 0.15673036 0.64356262 0.39048201', 'N @ 0.35643738 0.84326964 0.10951799', 'N @ 0.95866177 0.04133823 0.25', 'N @ 0.04133823 0.95866177 0.75']"
0a5af69c21e6c2d9b004c2f51939790b10b19814,Ti5(ZnN3)3,-0.22798647205882272,A9B5C3_hP17_157_cd_bc_c:N-Ti-Zn,"[[6.776201, -3.912241, 0.0], [0.0, 7.824483, 0.0], [0.0, 0.0, 4.868194]]","['Zn @ 0.43304785 1.0 0.90142116', 'Zn @ 0.56695215 0.56695215 0.90142116', 'Zn @ 0.0 0.43304785 0.90142116', 'Ti @ 0.73676343 1.0 0.46239314', 'Ti @ 0.26323657 0.26323657 0.46239314', 'Ti @ 0.0 0.73676343 0.46239314', 'Ti @ 0.33333333 0.66666667 0.4807268', 'Ti @ 0.66666667 0.33333333 0.4807268', 'N @ 0.54692646 0.0 0.24748564', 'N @ 0.45307354 0.45307354 0.24748564', 'N @ 0.0 0.54692646 0.24748564', 'N @ 0.20794832 0.42235553 0.6827911', 'N @ 0.21440721 0.79205168 0.6827911', 'N @ 0.57764447 0.78559279 0.6827911', 'N @ 0.79205168 0.21440721 0.6827911', 'N @ 0.42235553 0.20794832 0.6827911', 'N @ 0.78559279 0.57764447 0.6827911']"
0a58ef8a37185d8abcbd6e1bad7eaf7e3d3d6016,Ti6ZnN8,-1.1345180866666658,A8B6C_hR45_148_cf_f_a:N-Ti-Zn,"[[5.112473, -3e-06, 2.815429], [-2.556234, 4.427533, 2.815429], [-2.556238, -4.42753, 2.815429]]","['Ti @ 0.55169467 0.35282435 0.16914522', 'Ti @ 0.64717565 0.83085478 0.44830533', 'Ti @ 0.83085478 0.44830533 0.64717565', 'Ti @ 0.16914522 0.55169467 0.35282435', 'Ti @ 0.35282435 0.16914522 0.55169467', 'Ti @ 0.44830533 0.64717565 0.83085478', 'Zn @ 0.0 0.0 0.0', 'N @ 0.22107771 0.22107771 0.22107771', 'N @ 0.77892229 0.77892229 0.77892229', 'N @ 0.15262017 0.41165775 0.66079431', 'N @ 0.58834225 0.33920569 0.84737983', 'N @ 0.33920569 0.84737983 0.58834225', 'N @ 0.66079431 0.15262017 0.41165775', 'N @ 0.41165775 0.66079431 0.15262017', 'N @ 0.84737983 0.58834225 0.33920569']"
0a4a721fb8f0996350edd4fb224d89ce213f7f93,Ti7(ZnN)3,-0.47197025192307684,A3B7C3_oC52_36_3a_7a_3a:N-Ti-Zn,"[[1.739255, -2.701998, 0.0], [1.739255, 2.701998, 0.0], [0.0, 0.0, 44.970811]]","['Ti @ 0.65303539 0.34696461 0.05235786', 'Ti @ 0.34696461 0.65303539 0.55235786', 'Ti @ 0.01589023 0.98410977 0.10015629', 'Ti @ 0.98410977 0.01589023 0.60015629', 'Ti @ 0.65177435 0.34822565 0.14624567', 'Ti @ 0.34822565 0.65177435 0.64624567', 'Ti @ 0.06378092 0.93621908 0.26386996', 'Ti @ 0.93621908 0.06378092 0.76386996', 'Ti @ 0.70119409 0.29880591 0.30755386', 'Ti @ 0.29880591 0.70119409 0.80755386', 'Ti @ 0.97953586 0.02046414 0.41091222', 'Ti @ 0.02046414 0.97953586 0.91091222', 'Ti @ 0.6395319 0.3604681 0.46581246', 'Ti @ 0.3604681 0.6395319 0.96581246', 'Zn @ 0.00687154 0.99312846 0.00904892', 'Zn @ 0.99312846 0.00687154 0.50904892', 'Zn @ 0.71355352 0.28644648 0.21967736', 'Zn @ 0.28644648 0.71355352 0.71967736', 'Zn @ 0.08167077 0.91832923 0.35281686', 'Zn @ 0.91832923 0.08167077 0.85281686', 'N @ 0.66270201 0.33729799 0.09953666', 'N @ 0.33729799 0.66270201 0.59953666', 'N @ 0.0026691 0.9973309 0.1493108', 'N @ 0.9973309 0.0026691 0.6493108', 'N @ 0.62990179 0.37009821 0.4228011', 'N @ 0.37009821 0.62990179 0.9228011']"
0ad8980cb8eb0693647f411732b2165b6a0fce0e,Ti7ZnN12,-0.34730283999999934,A12B7C_cI40_204_g_bc_a:N-Ti-Zn,"[[7.625926, -0.0, 0.076043], [-0.0, 7.580728, -0.0], [3.767819, 3.790364, 3.834359]]","['Zn @ 0.0 0.0 0.0', 'Ti @ 0.5 0.5 0.0', 'Ti @ 0.5 0.0 0.0', 'Ti @ 0.0 0.5 0.0', 'Ti @ 0.5 0.5 0.5', 'Ti @ 0.5 0.0 0.5', 'Ti @ 0.0 0.0 0.5', 'Ti @ 0.0 0.5 0.5', 'N @ 0.17462695 0.86728018 0.65081407', 'N @ 0.82537305 0.51809424 0.34918593', 'N @ 0.82537305 0.13271982 0.34918593', 'N @ 0.17462695 0.48190576 0.65081407', 'N @ 0.50337766 0.68510006 0.62979988', 'N @ 0.49662234 0.31489994 0.37020012', 'N @ 0.86607696 0.69069681 0.61860638', 'N @ 0.13392304 0.30930319 0.38139362', 'N @ 0.68829538 0.82298879 0.99962863', 'N @ 0.31170462 0.82261742 0.00037137', 'N @ 0.31170462 0.17701121 0.00037137', 'N @ 0.68829538 0.17738258 0.99962863']"
0a458b5f2eeebeb0e4e55e1d1a17988ec87b7123,TiZn2N3,-0.04297332916666541,A3BC2_oC48_64_e2f_f_2f:N-Ti-Zn,"[[2.889034, -4.949055, -0.0], [2.889034, 4.949055, 0.0], [0.0, 0.0, 10.531082]]","['Zn @ 0.9490353 0.0509647 0.16283211', 'Zn @ 0.5509647 0.4490353 0.66283211', 'Zn @ 0.4490353 0.5509647 0.33716789', 'Zn @ 0.0509647 0.9490353 0.83716789', 'Zn @ 0.63746097 0.36253903 0.10209048', 'Zn @ 0.86253903 0.13746097 0.60209048', 'Zn @ 0.13746097 0.86253903 0.39790952', 'Zn @ 0.36253903 0.63746097 0.89790952', 'Ti @ 0.75230031 0.24769969 0.35600488', 'Ti @ 0.74769969 0.25230031 0.85600488', 'Ti @ 0.25230031 0.74769969 0.14399512', 'Ti @ 0.24769969 0.75230031 0.64399512', 'N @ 0.67082105 0.32917895 0.51925674', 'N @ 0.82917895 0.17082105 0.01925674', 'N @ 0.17082105 0.82917895 0.98074326', 'N @ 0.32917895 0.67082105 0.48074326', 'N @ 0.94589238 0.05410762 0.35185694', 'N @ 0.55410762 0.44589238 0.85185694', 'N @ 0.44589238 0.55410762 0.14814306', 'N @ 0.05410762 0.94589238 0.64814306', 'N @ 0.93929385 0.56070615 0.25', 'N @ 0.56070615 0.93929385 0.75', 'N @ 0.43929385 0.06070615 0.25', 'N @ 0.06070615 0.43929385 0.75']"
0ac7f92ee7225e47dbdc25f6d60a10b116b0813b,TiZn2N3,0.5085712541666672,A3BC2_oC24_63_cg_c_e:N-Ti-Zn,"[[4.275648, -3.88791, 0.0], [4.275648, 3.88791, -0.0], [0.0, 0.0, 4.969047]]","['Ti @ 0.40001196 0.59998804 0.25', 'Ti @ 0.59998804 0.40001196 0.75', 'Zn @ 0.83644128 0.83644128 -0.0', 'Zn @ 0.16355872 0.16355872 0.5', 'Zn @ 0.83644128 0.83644128 0.5', 'Zn @ 0.16355872 0.16355872 -0.0', 'N @ 0.89385404 0.10614596 0.25', 'N @ 0.10614596 0.89385404 0.75', 'N @ 0.71612659 0.59086281 0.25', 'N @ 0.28387341 0.40913719 0.75', 'N @ 0.59086281 0.71612659 0.75', 'N @ 0.40913719 0.28387341 0.25']"
0a3eb2074380f4abdec94d4a6171a099c9ecb30a,TiZn2N5,0.020599596875000792,A5BC2_oC32_63_c2f_c_f:N-Ti-Zn,"[[1.887732, -8.293794, -0.0], [1.887732, 8.293794, 0.0], [0.0, -0.0, 10.903555]]","['Ti @ 0.77771064 0.22228936 0.25', 'Ti @ 0.22228936 0.77771064 0.75', 'Zn @ 0.76640818 0.23359182 0.58357468', 'Zn @ 0.23359182 0.76640818 0.08357468', 'Zn @ 0.23359182 0.76640818 0.41642532', 'Zn @ 0.76640818 0.23359182 0.91642532', 'N @ 0.31288974 0.68711026 0.25', 'N @ 0.68711026 0.31288974 0.75', 'N @ 0.00945486 0.99054514 0.19890372', 'N @ 0.99054514 0.00945486 0.69890372', 'N @ 0.99054514 0.00945486 0.80109628', 'N @ 0.00945486 0.99054514 0.30109628', 'N @ 0.71261595 0.28738405 0.10220736', 'N @ 0.28738405 0.71261595 0.60220736', 'N @ 0.28738405 0.71261595 0.89779264', 'N @ 0.71261595 0.28738405 0.39779264']"
0a2c3a235656a97d76f731b269982f92de9b37fd,TiZnN,-0.6217663083333331,ABC_hP6_164_d_c_d:N-Ti-Zn,"[[2.730114, -1.576232, -0.0], [0.0, 3.152464, 0.0], [-0.0, 0.0, 11.873833]]","['Ti @ 0.0 -0.0 0.28482879', 'Ti @ 0.0 -0.0 0.71517121', 'N @ 0.33333333 0.66666667 0.33039369', 'N @ 0.66666667 0.33333333 0.66960631', 'Zn @ 0.66666667 0.33333333 0.08508663', 'Zn @ 0.33333333 0.66666667 0.91491337']"
0a2e1f340255f62a617974d778714e5fdd28a007,TiZnN2,2.0046756125,A2BC_cF32_227_c_b_a:N-Ti-Zn,"[[-4.2267, -4.2267, 0.0], [-4.2267, 0.0, -4.2267], [0.0, -4.2267, -4.2267]]","['Zn @ 0.875 0.875 0.875', 'Zn @ 0.125 0.125 0.125', 'Ti @ 0.625 0.625 0.625', 'Ti @ 0.375 0.375 0.375', 'N @ 0.0 0.0 0.0', 'N @ 0.0 0.5 0.0', 'N @ 0.5 0.0 0.0', 'N @ 0.0 0.0 0.5']"
0adeaf7a9c16772b66815cce19917ef0460affe8,TiZnN3,-0.014901634999999303,A3BC_cP40_198_2b_2a_2a:N-Ti-Zn,"[[7.6852, 0.0, 0.0], [0.0, 7.6852, 0.0], [0.0, 0.0, 7.6852]]","['Ti @ 0.00179104 0.00179104 0.00179104', 'Ti @ 0.49820896 0.99820896 0.50179104', 'Ti @ 0.50179104 0.49820896 0.99820896', 'Ti @ 0.99820896 0.50179104 0.49820896', 'Ti @ 0.47336587 0.47336587 0.47336587', 'Ti @ 0.02663413 0.52663413 0.97336587', 'Ti @ 0.97336587 0.02663413 0.52663413', 'Ti @ 0.52663413 0.97336587 0.02663413', 'Zn @ 0.29008367 0.29008367 0.29008367', 'Zn @ 0.20991633 0.70991633 0.79008367', 'Zn @ 0.79008367 0.20991633 0.70991633', 'Zn @ 0.70991633 0.79008367 0.20991633', 'Zn @ 0.75881592 0.75881592 0.75881592', 'Zn @ 0.74118408 0.24118408 0.25881592', 'Zn @ 0.25881592 0.74118408 0.24118408', 'Zn @ 0.24118408 0.25881592 0.74118408', 'N @ 0.23092657 0.11049583 0.08125003', 'N @ 0.41874997 0.76907343 0.61049583', 'N @ 0.58125003 0.26907343 0.88950417', 'N @ 0.91874997 0.73092657 0.38950417', 'N @ 0.11049583 0.08125003 0.23092657', 'N @ 0.38950417 0.91874997 0.73092657', 'N @ 0.76907343 0.61049583 0.41874997', 'N @ 0.08125003 0.23092657 0.11049583', 'N @ 0.26907343 0.88950417 0.58125003', 'N @ 0.73092657 0.38950417 0.91874997', 'N @ 0.61049583 0.41874997 0.76907343', 'N @ 0.88950417 0.58125003 0.26907343', 'N @ 0.75939082 0.03937817 0.09224158', 'N @ 0.40775842 0.24060918 0.53937817', 'N @ 0.59224158 0.74060918 0.96062183', 'N @ 0.90775842 0.25939082 0.46062183', 'N @ 0.03937817 0.09224158 0.75939082', 'N @ 0.46062183 0.90775842 0.25939082', 'N @ 0.24060918 0.53937817 0.40775842', 'N @ 0.09224158 0.75939082 0.03937817', 'N @ 0.74060918 0.96062183 0.59224158', 'N @ 0.25939082 0.46062183 0.90775842', 'N @ 0.53937817 0.40775842 0.24060918', 'N @ 0.96062183 0.59224158 0.74060918']"
0a74297fb11027ba2a958da5ee31980b8876e1d4,TiZnN4,1.1665261166666676,A4BC_oC24_63_fg_a_c:N-Ti-Zn,"[[3.058315, -4.469731, 0.0], [3.058315, 4.469731, 0.0], [0.0, 0.0, 6.091423]]","['Ti @ 0.0 -0.0 0.0', 'Ti @ 0.0 -0.0 0.5', 'Zn @ 0.61502096 0.38497904 0.25', 'Zn @ 0.38497904 0.61502096 0.75', 'N @ 0.77707723 0.22292277 0.02604294', 'N @ 0.22292277 0.77707723 0.52604294', 'N @ 0.22292277 0.77707723 0.97395706', 'N @ 0.77707723 0.22292277 0.47395706', 'N @ 0.79819076 0.7634284 0.25', 'N @ 0.20180924 0.2365716 0.75', 'N @ 0.7634284 0.79819076 0.75', 'N @ 0.2365716 0.20180924 0.25']"
b3603cef0816d0e115adeafa4eee65c056dc7a26,Zn,0.0,A_hP2_194_c:Zn,"[[2.443685, -1.410862, 0.0], [0.0, 2.821725, -0.0], [0.0, -0.0, 4.305149]]","['Zn @ 0.33333333 0.66666667 0.75', 'Zn @ 0.66666667 0.33333333 0.25']"
0fd347fb29c23cad30d42852d7aa4ed906102b8a,Zr,0.0,A_hP2_194_c:Zr,"[[2.800434, -1.616831, 0.0], [0.0, 3.233663, 0.0], [0.0, 0.0, 5.166609]]","['Zr @ 0.33333333 0.66666667 0.75', 'Zr @ 0.66666667 0.33333333 0.25']"
0cd142efcf69ba63dc62760ecd72fb4f1e930115,Zr(ZnN)2,-0.2309529700000006,A2B2C_mC20_12_2i_2i_i:N-Zn-Zr,"[[5.503549, -2.105416, 0.30612], [5.503549, 2.105416, 0.30612], [-3.212949, 0.0, 5.665865]]","['Zr @ 0.33909577 0.33909577 0.8882145', 'Zr @ 0.66090423 0.66090423 0.1117855', 'Zn @ 0.01117193 0.01117193 0.73206145', 'Zn @ 0.98882807 0.98882807 0.26793855', 'Zn @ 0.33875302 0.33875302 0.40873122', 'Zn @ 0.66124698 0.66124698 0.59126878', 'N @ 0.51840336 0.51840336 0.23739812', 'N @ 0.48159664 0.48159664 0.76260188', 'N @ 0.1570763 0.1570763 0.59729982', 'N @ 0.8429237 0.8429237 0.40270018']"
0c710ee221d7567cc0f1a06fba8231ae8261a181,Zr(ZnN)6,0.00016695769230778978,A6B6C_mC26_12_3i_3i_a:N-Zn-Zr,"[[7.932667, -1.614529, 0.519404], [7.932667, 1.614529, 0.519404], [-3.354285, 0.0, 6.743572]]","['Zn @ 0.72571673 0.72571673 0.20605258', 'Zn @ 0.27428327 0.27428327 0.79394742', 'Zn @ 0.88941755 0.88941755 0.6236523', 'Zn @ 0.11058245 0.11058245 0.3763477', 'Zn @ 0.59020144 0.59020144 0.70963199', 'Zn @ 0.40979856 0.40979856 0.29036801', 'N @ 0.85546464 0.85546464 0.3492377', 'N @ 0.14453536 0.14453536 0.6507623', 'N @ 0.51240013 0.51240013 0.21277716', 'N @ 0.48759987 0.48759987 0.78722284', 'N @ 0.8471077 0.8471077 0.84881876', 'N @ 0.1528923 0.1528923 0.15118124', 'Zr @ -0.0 -0.0 0.0']"
0c5264c980964b88ae8a7c2c18d5a61daff481b1,Zr(ZnN2)2,0.7521056285714289,A4B2C_hP14_186_bc_ab_b:N-Zn-Zr,"[[4.890752, -2.823677, 0.0], [0.0, 5.647354, 0.0], [0.0, 0.0, 6.428382]]","['Zr @ 0.33333333 0.66666667 0.62486757', 'Zr @ 0.66666667 0.33333333 0.12486757', 'Zn @ 0.0 0.0 0.04179757', 'Zn @ 0.0 0.0 0.54179757', 'Zn @ 0.33333333 0.66666667 0.02173231', 'Zn @ 0.66666667 0.33333333 0.52173231', 'N @ 0.33333333 0.66666667 0.30226121', 'N @ 0.66666667 0.33333333 0.80226121', 'N @ 0.16316165 0.32632331 0.82311378', 'N @ 0.83683835 0.67367669 0.32311378', 'N @ 0.32632331 0.16316165 0.32311378', 'N @ 0.83683835 0.16316165 0.32311378', 'N @ 0.16316165 0.83683835 0.82311378', 'N @ 0.67367669 0.83683835 0.82311378']"
0c7147c05a270b9b2744576b0bfb69c8391ee1e4,Zr(ZnN3)2,0.44643896111111125,A6B2C_hP9_162_k_c_b:N-Zn-Zr,"[[4.813812, -2.779256, 0.0], [-0.0, 5.558512, 0.0], [0.0, -0.0, 3.745624]]","['Zr @ 0.0 0.0 0.0', 'Zn @ 0.33333333 0.66666667 0.5', 'Zn @ 0.66666667 0.33333333 0.5', 'N @ 0.41946521 0.0 0.12157999', 'N @ 0.58053479 1.0 0.87842001', 'N @ 0.0 0.41946521 0.12157999', 'N @ 0.58053479 0.58053479 0.12157999', 'N @ 0.41946521 0.41946521 0.87842001', 'N @ 0.0 0.58053479 0.87842001']"
0c429f98b79c9522a11d51fbfae484004f899422,Zr(ZnN5)2,0.478535934615385,A10B2C_mP26_11_2e4f_f_e:N-Zn-Zr,"[[4.103714, 0.0, -0.700673], [0.0, 12.972733, 0.0], [-0.424296, 0.0, 6.461036]]","['Zr @ 0.0328983 0.25 0.13910651', 'Zr @ 0.9671017 0.75 0.86089349', 'Zn @ 0.40925565 0.04150102 0.79236623', 'Zn @ 0.59074435 0.95849898 0.20763377', 'Zn @ 0.59074435 0.54150102 0.20763377', 'Zn @ 0.40925565 0.45849898 0.79236623', 'N @ 0.87785521 0.97059168 0.98812405', 'N @ 0.12214479 0.02940832 0.01187595', 'N @ 0.12214479 0.47059168 0.01187595', 'N @ 0.87785521 0.52940832 0.98812405', 'N @ 0.79856089 0.41140412 0.3761211', 'N @ 0.20143911 0.58859588 0.6238789', 'N @ 0.20143911 0.91140412 0.6238789', 'N @ 0.79856089 0.08859588 0.3761211', 'N @ 0.28692864 0.84017359 0.21926568', 'N @ 0.71307136 0.15982641 0.78073432', 'N @ 0.71307136 0.34017359 0.78073432', 'N @ 0.28692864 0.65982641 0.21926568', 'N @ 0.92927501 0.88310609 0.58519048', 'N @ 0.07072499 0.11689391 0.41480952', 'N @ 0.07072499 0.38310609 0.41480952', 'N @ 0.92927501 0.61689391 0.58519048', 'N @ 0.49121727 0.25 0.1538523', 'N @ 0.50878273 0.75 0.8461477', 'N @ 0.35117108 0.75 0.24759333', 'N @ 0.64882892 0.25 0.75240667']"
0c27147781fc9c64cbcf45acc1575a0bf8070841,Zr2Zn2N3,-0.5270690678571421,A3B2C2_mP14_14_ae_e_e:N-Zn-Zr,"[[6.56123, 0.0, 0.098238], [0.0, 6.060726, 0.0], [-2.983057, 0.0, 5.510293]]","['Zn @ 0.16989291 0.87830687 0.43646054', 'Zn @ 0.83010709 0.12169313 0.56353946', 'Zn @ 0.83010709 0.37830687 0.06353946', 'Zn @ 0.16989291 0.62169313 0.93646054', 'Zr @ 0.32449651 0.11021715 0.07651784', 'Zr @ 0.67550349 0.88978285 0.92348216', 'Zr @ 0.67550349 0.61021715 0.42348216', 'Zr @ 0.32449651 0.38978285 0.57651784', 'N @ 0.37508238 0.40328558 0.26426987', 'N @ 0.62491762 0.59671442 0.73573013', 'N @ 0.62491762 0.90328558 0.23573013', 'N @ 0.37508238 0.09671442 0.76426987', 'N @ 0.0 0.0 0.0', 'N @ 0.0 0.5 0.5']"
0c450e6f9c256e33ef452c98dd20917fb6484317,Zr2Zn3N4,-0.3812128222222215,A4B3C2_mC36_15_2f_ef_f:N-Zn-Zr,"[[4.850647, -4.711321, -0.214326], [4.850647, 4.711321, -0.214326], [-0.377966, 0.0, 5.614459]]","['Zn @ 0.93947997 0.24500985 0.59229075', 'Zn @ 0.75499015 0.06052003 0.90770925', 'Zn @ 0.06052003 0.75499015 0.40770925', 'Zn @ 0.24500985 0.93947997 0.09229075', 'Zn @ 0.65515963 0.34484037 0.25', 'Zn @ 0.34484037 0.65515963 0.75', 'Zr @ 0.18630163 0.38379918 0.12077952', 'Zr @ 0.61620082 0.81369837 0.37922048', 'Zr @ 0.81369837 0.61620082 0.87922048', 'Zr @ 0.38379918 0.18630163 0.62077952', 'N @ 0.88219627 0.3291432 0.00176296', 'N @ 0.6708568 0.11780373 0.49823704', 'N @ 0.11780373 0.6708568 0.99823704', 'N @ 0.3291432 0.88219627 0.50176296', 'N @ 0.24930985 0.44271839 0.48301702', 'N @ 0.55728161 0.75069015 0.01698298', 'N @ 0.75069015 0.55728161 0.51698298', 'N @ 0.44271839 0.24930985 0.98301702']"
0c9cbed1e5d755a9666db36f742004c14bf780bd,Zr2ZnN5,-0.5414344906249999,A5BC2_mC32_9_5a_a_2a:N-Zn-Zr,"[[6.131598, -3.23494, 0.226503], [6.131598, 3.23494, 0.226503], [0.246773, 0.0, 5.643709]]","['Zr @ 0.00267917 0.27212232 0.25091105', 'Zr @ 0.27212232 0.00267917 0.75091105', 'Zr @ 0.53639722 0.15487041 0.20074018', 'Zr @ 0.15487041 0.53639722 0.70074018', 'Zn @ 0.41162369 0.66084098 0.29113314', 'Zn @ 0.66084098 0.41162369 0.79113314', 'N @ 0.3019467 0.26792173 0.9444768', 'N @ 0.26792173 0.3019467 0.4444768', 'N @ 0.84479035 0.67122354 0.09235619', 'N @ 0.67122354 0.84479035 0.59235619', 'N @ 0.890775 0.81130119 0.05351553', 'N @ 0.81130119 0.890775 0.55351553', 'N @ 0.22233666 0.95259651 0.11785524', 'N @ 0.95259651 0.22233666 0.61785524', 'N @ 0.36334386 0.66043067 0.64751187', 'N @ 0.66043067 0.36334386 0.14751187']"
0cd1f1670176b03cc3d61935d9a6882c9508e33a,Zr3ZnN6,-0.7395423050000005,A6BC3_mP20_11_6e_e_3e:N-Zn-Zr,"[[8.161179, 0.0, 0.449837], [0.0, 3.324704, 0.0], [-2.371431, 0.0, 9.27092]]","['Zr @ 0.94849747 0.25 0.32956364', 'Zr @ 0.05150253 0.75 0.67043636', 'Zr @ 0.1810685 0.25 0.03690071', 'Zr @ 0.8189315 0.75 0.96309929', 'Zr @ 0.67614681 0.25 0.61333077', 'Zr @ 0.32385319 0.75 0.38666923', 'Zn @ 0.53082596 0.25 0.1265889', 'Zn @ 0.46917404 0.75 0.8734111', 'N @ 0.92053932 0.25 0.58165729', 'N @ 0.07946068 0.75 0.41834271', 'N @ 0.30285053 0.25 0.68482012', 'N @ 0.69714947 0.75 0.31517988', 'N @ 0.9485379 0.25 0.11106725', 'N @ 0.0514621 0.75 0.88893275', 'N @ 0.6355139 0.25 0.9534327', 'N @ 0.3644861 0.75 0.0465673', 'N @ 0.37209085 0.25 0.5785174', 'N @ 0.62790915 0.75 0.4214826', 'N @ 0.29515767 0.25 0.2647115', 'N @ 0.70484233 0.75 0.7352885']"
0c882a0621189d18ff1350e3bed4114868663acf,Zr4ZnN5,-0.9191486925000003,A5BC4_oP20_59_a2e_a_2be:N-Zn-Zr,"[[3.24056, 0.0, 0.0], [0.0, 12.886769, 0.0], [0.0, 0.0, 7.790818]]","['Zr @ 0.25 0.75 0.55699214', 'Zr @ 0.75 0.25 0.44300786', 'Zr @ 0.25 0.75 0.16926273', 'Zr @ 0.75 0.25 0.83073727', 'Zr @ 0.25 0.44772047 0.15767431', 'Zr @ 0.75 0.94772047 0.84232569', 'Zr @ 0.75 0.55227953 0.84232569', 'Zr @ 0.25 0.05227953 0.15767431', 'N @ 0.25 0.60748537 0.68873064', 'N @ 0.75 0.10748537 0.31126936', 'N @ 0.75 0.39251463 0.31126936', 'N @ 0.25 0.89251463 0.68873064', 'N @ 0.25 0.59581971 0.05569449', 'N @ 0.75 0.09581971 0.94430551', 'N @ 0.75 0.40418029 0.94430551', 'N @ 0.25 0.90418029 0.05569449', 'N @ 0.25 0.25 0.64078793', 'N @ 0.75 0.75 0.35921207', 'Zn @ 0.25 0.25 0.13097308', 'Zn @ 0.75 0.75 0.86902692']"
0c5ffa8e2b3126eba02901c37b31e8faf3b5377c,Zr6Zn4N13,-0.21249625326086985,A13B4C6_cI46_217_ag_c_d:N-Zn-Zr,"[[-4.856584, 4.856584, 4.856584], [4.856584, -4.856584, 4.856584], [4.856584, 4.856584, -4.856584]]","['Zn @ 0.4258544 0.4258544 0.4258544', 'Zn @ -0.0 -0.0 0.5741456', 'Zn @ -0.0 0.5741456 -0.0', 'Zn @ 0.5741456 -0.0 -0.0', 'Zr @ 0.5 0.25 0.75', 'Zr @ 0.5 0.75 0.25', 'Zr @ 0.75 0.5 0.25', 'Zr @ 0.75 0.25 0.5', 'Zr @ 0.25 0.75 0.5', 'Zr @ 0.25 0.5 0.75', 'N @ -0.0 -0.0 -0.0', 'N @ 0.51838322 0.51838322 0.27053201', 'N @ 0.24785121 0.24785121 0.72946799', 'N @ 0.24785121 0.72946799 0.24785121', 'N @ 0.0 0.48161678 0.75214879', 'N @ 0.27053201 0.51838322 0.51838322', 'N @ 0.51838322 0.27053201 0.51838322', 'N @ -0.0 0.75214879 0.48161678', 'N @ 0.75214879 0.48161678 -0.0', 'N @ 0.48161678 0.75214879 0.0', 'N @ 0.48161678 -0.0 0.75214879', 'N @ 0.75214879 0.0 0.48161678', 'N @ 0.72946799 0.24785121 0.24785121']"
0c9c74b6f48facd507c4e41d9df797a2017634e7,ZrZn2N3,0.1968950041666666,A3B2C_oC24_63_cf_2c_c:N-Zn-Zr,"[[1.537037, -8.306579, 0.0], [1.537037, 8.306579, -0.0], [0.0, 0.0, 5.818854]]","['Zn @ 0.01974571 0.98025429 0.25', 'Zn @ 0.98025429 0.01974571 0.75', 'Zn @ 0.16944846 0.83055154 0.25', 'Zn @ 0.83055154 0.16944846 0.75', 'Zr @ 0.33953783 0.66046217 0.25', 'Zr @ 0.66046217 0.33953783 0.75', 'N @ 0.41969297 0.58030703 0.97742156', 'N @ 0.58030703 0.41969297 0.47742156', 'N @ 0.58030703 0.41969297 0.02257844', 'N @ 0.41969297 0.58030703 0.52257844', 'N @ 0.75587878 0.24412122 0.25', 'N @ 0.24412122 0.75587878 0.75']"
0c13902f8200732555ad1603e954a726d4d24d85,ZrZn3N2,-0.11572319166666656,A2B3C_oI24_72_j_ce_b:N-Zn-Zr,"[[5.720953, 0.0, 0.0], [0.0, 11.967072, 0.0], [2.860476, 5.983536, 3.126332]]","['Zr @ 0.25 0.75 0.5', 'Zr @ 0.75 0.25 0.5', 'Zn @ 0.0 0.0 0.0', 'Zn @ 0.5 0.5 0.0', 'Zn @ 0.0 0.0 0.5', 'Zn @ 0.5 0.0 0.5', 'Zn @ 0.0 0.5 0.5', 'Zn @ 0.5 0.5 0.5', 'N @ 0.29083893 0.06226772 0.0', 'N @ 0.20916107 0.56226772 0.0', 'N @ 0.79083893 0.43773228 -0.0', 'N @ 0.70916107 0.93773228 0.0']"
0c9cf664171d7e10527033cda1551694141207ed,ZrZnN2,-0.2964831375000001,A2BC_oP4_47_k_a_d:N-Zn-Zr,"[[2.999577, 0.0, 0.0], [0.0, 5.448017, 0.0], [0.0, 0.0, 2.860144]]","['Zr @ 0.5 0.5 0.0', 'Zn @ 0.0 0.0 0.0', 'N @ 0.0 0.28297953 0.5', 'N @ 0.0 0.71702047 0.5']"
0c0b4fd84c8f4e075436d7ec34bfb3fad5e610be,ZrZnN3,-0.16417793499999878,A3BC_hP30_185_ab2c_ab_c:N-Zn-Zr,"[[5.543294, -3.200422, 0.0], [-0.0, 6.400844, -0.0], [0.0, 0.0, 10.157681]]","['Zn @ -0.0 -0.0 0.26067791', 'Zn @ -0.0 -0.0 0.76067791', 'Zn @ 0.33333333 0.66666667 0.22343397', 'Zn @ 0.33333333 0.66666667 0.72343397', 'Zn @ 0.66666667 0.33333333 0.72343397', 'Zn @ 0.66666667 0.33333333 0.22343397', 'Zr @ 0.34838803 1.0 0.98014843', 'Zr @ 0.65161197 0.0 0.48014843', 'Zr @ 1.0 0.34838803 0.98014843', 'Zr @ 0.34838803 0.34838803 0.48014843', 'Zr @ 0.65161197 0.65161197 0.98014843', 'Zr @ 0.0 0.65161197 0.48014843', 'N @ 0.29706565 1.0 0.20897943', 'N @ 0.70293435 0.0 0.70897943', 'N @ -0.0 0.29706565 0.20897943', 'N @ 0.29706565 0.29706565 0.70897943', 'N @ 0.70293435 0.70293435 0.20897943', 'N @ -0.0 0.70293435 0.70897943', 'N @ 0.44196668 0.0 0.31072121', 'N @ 0.55803332 1.0 0.81072121', 'N @ -0.0 0.44196668 0.31072121', 'N @ 0.44196668 0.44196668 0.81072121', 'N @ 0.55803332 0.55803332 0.31072121', 'N @ -0.0 0.55803332 0.81072121', 'N @ -0.0 -0.0 0.46416939', 'N @ -0.0 -0.0 0.96416939', 'N @ 0.33333333 0.66666667 0.02996876', 'N @ 0.33333333 0.66666667 0.52996876', 'N @ 0.66666667 0.33333333 0.52996876', 'N @ 0.66666667 0.33333333 0.02996876']"
0c2fc1da358bcddfb4baf41b5dfd7285a13b766a,ZrZnN3,0.23257766500000088,A3BC_mC20_15_ef_c_e:N-Zn-Zr,"[[4.971455, 0.0, -0.378972], [0.0, 5.742631, -0.0], [2.166218, 2.871315, 3.580151]]","['Zr @ 0.25 0.25874194 0.0', 'Zr @ 0.75 0.74125806 1.0', 'Zn @ 0.5 0.0 0.5', 'Zn @ 0.0 0.5 0.5', 'N @ 0.25 0.63406163 1.0', 'N @ 0.75 0.36593837 0.0', 'N @ 0.87451404 0.86599373 0.39235106', 'N @ 0.12548596 0.13400627 0.60764894', 'N @ 0.62548596 0.25834479 0.60764894', 'N @ 0.37451404 0.74165521 0.39235106']"
0c5ef0e6b20d6e34ae388d640797f032a15df918,ZrZnN3,0.7506590650000007,A3BC_cP5_221_c_b_a:N-Zn-Zr,"[[3.779652, 0.0, 0.0], [0.0, 3.779652, 0.0], [0.0, 0.0, 3.779652]]","['Zr @ 0.0 0.0 0.0', 'Zn @ 0.5 0.5 0.5', 'N @ 0.0 0.5 0.5', 'N @ 0.5 0.0 0.5', 'N @ 0.5 0.5 0.0']"
0c5e41fdc8fba8e90b48cbe4752dc2c4a2805f21,ZrZnN3,0.774344365000001,A3BC_tI20_140_bh_d_c:N-Zn-Zr,"[[6.038698, 0.0, -0.0], [0.0, 6.038698, -0.0], [3.019349, 3.019349, 4.167943]]","['Zr @ 0.0 0.0 0.0', 'Zr @ 0.5 0.5 0.0', 'Zn @ 0.0 0.5 0.0', 'Zn @ 0.5 0.0 0.0', 'N @ 0.2398157 0.7398157 1.0', 'N @ 0.7601843 0.2601843 0.0', 'N @ 0.7398157 0.7601843 0.0', 'N @ 0.2601843 0.2398157 0.0', 'N @ 0.75 0.25 0.5', 'N @ 0.25 0.75 0.5']"
